Group,d13C,d15N,d34S
Blue crab,-11.3,6.5,5.4
Mummichog,-15.8,9,6.4
Striped bass,-17.97578043,15.08704024,11.39161932
Flounder,-17.2,10.8,11.7